UserAccount Name,,user
Title,,From gas station to next gas station
Comment,,
Vehicle Nickname,,user
Distance,,2
Time,,8
R.Score,,2
"elapsed_msec","gps_latitude","gps_longitude","instant_fuel_consumption","water_temperature","boost_temperature","engine_RPM","wheel_speed","acceleration","throttle_position","boost_pressure","gear_position","brake_pressure_fr_caliper","lean_angle","rideology_score"
940,-34.5082,-58.47964,0.0,65.0,0.0,1104,0.0,-2.0,0,0.0,0,N,0.0,0,3
1940,-34.5082,-58.47964,0.0,65.0,0.0,1104,0.0,-2.0,0,0.0,0,N,0.0,0,3
2940,-34.5082,-58.47964,0.0,65.0,0.0,1104,0.0,-2.0,0,0.0,0,N,0.0,0,3
3940,-34.5082,-58.47964,0.0,65.0,0.0,1104,0.0,-2.0,0,0.0,0,N,0.0,0,3
4940,-34.5082,-58.47964,0.0,65.0,0.0,1104,0.0,-2.0,0,0.0,0,N,0.0,0,3
5940,-34.5082,-58.47964,0.0,65.0,0.0,1104,0.0,-2.0,0,0.0,0,N,0.0,0,3
6940,-34.5082,-58.47964,0.0,65.0,0.0,1104,0.0,-2.0,0,0.0,0,N,0.0,0,3
7940,-34.5082,-58.47964,0.0,65.0,0.0,1104,0.0,-2.0,0,0.0,0,N,0.0,0,3
8940,-34.5082,-58.47964,0.0,66.0,0.0,1104,0.0,-2.0,0,0.0,0,N,0.0,0,3
9940,-34.5082,-58.47964,0.0,66.0,0.0,1104,0.0,-2.0,0,0.0,0,N,0.0,0,3
10940,-34.5082,-58.47964,0.0,66.0,0.0,1104,0.0,-2.0,0,0.0,0,N,0.0,0,3
11940,-34.5082,-58.47964,0.0,66.0,0.0,1104,0.0,-2.0,0,0.0,0,N,0.0,0,3
12940,-34.5082,-58.47964,0.0,66.0,0.0,1104,0.0,-2.0,0,0.0,0,N,0.0,0,3
13940,-34.508183,-58.47965,0.0,67.0,0.0,1104,0.0,-2.0,0,0.0,0,N,0.0,0,3
14940,-34.508167,-58.47965,0.0,67.0,0.0,1104,0.0,-2.0,0,0.0,0,N,0.0,0,3
15940,-34.508152,-58.47965,0.0,67.0,0.0,1104,0.0,-2.0,0,0.0,0,N,0.0,0,3
16940,-34.50814,-58.479652,0.0,67.0,0.0,1104,0.0,-2.0,0,0.0,0,N,0.0,0,3
17940,-34.508133,-58.479652,0.0,67.0,0.0,1104,0.0,-2.0,0,0.0,0,N,0.0,0,3
18940,-34.50813,-58.479652,0.0,67.0,0.0,1104,0.0,-2.0,0,0.0,0,N,0.0,0,3
19940,-34.50812,-58.47965,0.0,68.0,0.0,1104,0.0,-2.0,0,0.0,0,N,0.0,0,3
20940,-34.508118,-58.47965,0.0,68.0,0.0,1104,0.0,-2.0,0,0.0,0,N,0.0,0,3
21940,-34.508114,-58.479645,0.0,68.0,0.0,1104,0.0,-2.0,0,0.0,0,N,0.0,0,3
22940,-34.508118,-58.479645,0.0,68.0,0.0,1104,0.0,-2.0,0,0.0,0,N,0.0,0,3
23940,-34.508125,-58.47965,0.0,68.0,0.0,1104,0.0,-2.0,0,0.0,0,N,0.0,0,3
24940,-34.50813,-58.479656,0.0,68.0,0.0,1104,0.0,-2.0,0,0.0,0,N,0.0,0,3
25940,-34.508137,-58.47966,0.0,69.0,0.0,1104,0.0,-2.0,0,0.0,0,N,0.0,0,3
26940,-34.50815,-58.47966,0.0,69.0,0.0,1104,0.0,-2.0,0,0.0,0,N,0.0,0,3
27940,-34.508163,-58.47966,0.0,69.0,0.0,1104,0.0,-2.0,0,0.0,0,N,0.0,0,3
28940,-34.50817,-58.479656,0.0,69.0,0.0,1104,0.0,-2.0,0,0.0,0,N,0.0,0,3
29940,-34.508175,-58.479652,0.0,69.0,0.0,1104,0.0,-2.0,0,0.0,0,N,0.0,0,3
30940,-34.508175,-58.47965,0.0,69.0,0.0,1104,0.0,-2.0,0,0.0,0,N,0.0,0,3
31940,-34.50818,-58.47965,0.0,70.0,0.0,1104,0.0,-2.0,0,0.0,0,N,0.0,0,3
32940,-34.508183,-58.479645,0.0,70.0,0.0,1104,0.0,-2.0,0,0.0,0,N,0.0,0,3
33940,-34.508186,-58.479645,0.0,70.0,0.0,1104,0.0,-2.0,0,0.0,0,N,0.0,0,3
34940,-34.50819,-58.479645,0.0,70.0,0.0,1104,0.0,-2.0,0,0.0,0,N,0.0,0,3
35940,-34.508194,-58.479645,0.0,70.0,0.0,1104,0.0,-2.0,0,0.0,0,N,0.0,0,3
36940,-34.5082,-58.47964,0.0,70.0,0.0,1104,0.0,-2.0,0,0.0,0,N,0.0,0,3
37940,-34.508205,-58.47964,0.0,71.0,0.0,1104,0.0,-2.0,0,0.0,0,N,0.0,0,3
38940,-34.50821,-58.479637,0.0,71.0,0.0,1104,0.0,-2.0,0,0.0,0,N,0.0,0,3
39940,-34.508217,-58.479637,0.0,71.0,0.0,1104,0.0,-2.0,0,0.0,0,N,0.0,0,3
40940,-34.50822,-58.479633,0.0,71.0,0.0,1104,0.0,-2.0,0,0.0,0,N,0.0,0,3
41940,-34.50823,-58.479633,0.0,71.0,0.0,1104,0.0,-2.0,0,0.0,0,N,0.0,0,3
42940,-34.50823,-58.479633,0.0,71.0,0.0,1104,0.0,-2.0,0,0.0,0,N,0.0,0,3
43940,-34.508213,-58.479633,0.0,72.0,0.0,1104,0.0,-2.0,0,0.0,0,N,0.0,0,3
44940,-34.50821,-58.479633,0.0,72.0,0.0,1104,0.0,-2.0,0,0.0,0,N,0.0,0,3
45940,-34.50821,-58.479633,0.0,72.0,0.0,1104,0.0,-2.0,0,0.0,0,N,0.0,0,3
46940,-34.50821,-58.479633,0.0,73.0,0.0,1104,0.0,-2.0,0,0.0,0,N,0.0,0,3
47940,-34.50821,-58.479633,0.0,73.0,0.0,1104,0.0,-2.0,0,0.0,0,N,0.0,0,3
48940,-34.508213,-58.479633,0.0,73.0,0.0,1104,0.0,-2.0,0,0.0,0,N,0.0,0,2
49940,-34.508213,-58.479633,0.0,73.0,0.0,1104,0.0,-2.0,0,0.0,0,N,0.0,0,2
50940,-34.508217,-58.479633,0.0,73.0,0.0,1104,0.0,-2.0,0,0.0,0,N,0.0,0,2
51940,-34.508224,-58.479637,0.0,73.0,0.0,1104,0.0,-2.0,0,0.0,0,N,0.0,0,2
52940,-34.508236,-58.479637,0.0,74.0,0.0,1104,0.0,-2.0,0,0.0,0,N,0.0,0,2
53940,-34.508244,-58.479637,0.0,74.0,0.0,1149,0.0,-2.0,0,0.0,0,N,0.0,0,2
54940,-34.508293,-58.47964,0.0,74.0,0.0,1219,0.0,-2.0,0,0.0,0,N,0.0,0,2
55940,-34.508293,-58.47964,0.0,74.0,0.0,1219,0.0,-2.0,0,0.0,0,N,0.0,0,2
56940,-34.5083,-58.479637,0.0,74.0,0.0,1219,0.0,-2.0,0,0.0,0,N,0.0,0,2
57940,-34.50831,-58.479633,0.0,74.0,0.0,1219,0.0,-2.0,0,0.0,0,N,0.0,0,2
58940,-34.50832,-58.479633,0.0,75.0,0.0,1219,0.0,-2.0,0,0.0,0,N,0.0,0,2
59940,-34.50833,-58.47958,0.0,75.0,0.0,1219,0.0,-2.0,0,0.0,0,N,0.0,0,2
60940,-34.50833,-58.47958,0.0,75.0,0.0,1219,0.0,-2.0,0,0.0,0,N,0.0,0,2
61940,-34.508335,-58.47958,0.0,75.0,0.0,1219,0.0,-2.0,0,0.0,0,N,0.0,0,1
62940,-34.508335,-58.47958,0.0,75.0,0.0,1219,0.0,-2.0,0,0.0,0,N,0.0,0,1
63940,-34.508335,-58.47958,0.0,75.0,0.0,1219,0.0,-2.0,0,0.0,0,N,0.0,0,1
64940,-34.50833,-58.479584,0.0,76.0,0.0,1219,0.0,-2.0,0,0.0,0,N,0.0,0,1
65940,-34.50833,-58.479588,0.0,76.0,0.0,1220,0.0,-2.0,0,0.0,0,N,0.0,0,1
66940,-34.508327,-58.47959,0.0,76.0,0.0,1226,0.0,-2.0,0,0.0,0,N,0.0,0,1
67940,-34.50832,-58.4796,0.0,76.0,0.0,1226,0.0,-2.0,0,0.0,0,N,0.0,0,1
68940,-34.508316,-58.479603,0.0,76.0,0.0,1226,0.0,-2.0,0,0.0,0,N,0.0,0,1
69940,-34.508305,-58.47961,0.0,76.0,0.0,1226,0.0,-2.0,0,0.0,0,N,0.0,0,1
70940,-34.508297,-58.479618,0.0,77.0,0.0,1226,0.0,-2.0,0,0.0,0,N,0.0,0,1
71940,-34.50828,-58.479626,0.0,77.0,0.0,1226,0.0,-2.0,0,0.0,0,N,0.0,0,1
72940,-34.508274,-58.47963,0.0,77.0,0.0,1226,0.0,-2.0,0,0.0,0,N,0.0,0,1
73940,-34.508266,-58.47963,0.0,77.0,0.0,1226,0.0,-2.0,0,0.0,0,N,0.0,0,1
74940,-34.508255,-58.479633,0.0,77.0,0.0,1226,0.0,-2.0,0,0.0,0,N,0.0,0,1
75940,-34.50825,-58.479637,0.0,77.0,0.0,1226,0.0,-2.0,0,0.0,0,N,0.0,0,0
76940,-34.50824,-58.479637,0.0,78.0,0.0,1226,0.0,-2.0,0,0.0,0,N,0.0,0,0
77940,-34.50824,-58.479637,0.0,78.0,0.0,1226,0.0,-2.0,0,0.0,0,N,0.0,0,0
78940,-34.50824,-58.479637,0.0,78.0,0.0,1226,0.0,-2.0,0,0.0,0,N,0.0,0,0
79940,-34.50824,-58.47964,0.0,78.0,0.0,1239,0.0,-2.0,0,0.0,0,N,0.0,0,0
80940,-34.508244,-58.479645,0.0,78.0,0.0,1240,0.0,-2.0,0,0.0,0,N,0.0,0,0
81940,-34.50825,-58.47965,0.0,79.0,0.0,1240,0.0,-2.0,0,0.0,0,N,0.0,0,0
82940,-34.508255,-58.47965,0.0,79.0,0.0,1240,0.0,-2.0,0,0.0,0,N,0.0,0,0
83940,-34.508263,-58.479652,0.0,79.0,0.0,1240,0.0,-2.0,0,0.0,0,N,0.0,0,0
84940,-34.508266,-58.479652,0.0,79.0,0.0,1240,0.0,-2.0,0,0.0,0,N,0.0,0,0
85940,-34.508274,-58.479652,0.0,80.0,0.0,1240,0.0,-2.0,0,0.0,0,N,0.0,0,0
86940,-34.50828,-58.47965,0.0,80.0,0.0,1240,0.0,-2.0,0,0.0,0,N,0.0,0,0
87940,-34.50828,-58.47965,0.0,80.0,0.0,1240,0.0,-2.0,0,0.0,0,N,0.0,0,0
88940,-34.508286,-58.47965,0.0,80.0,0.0,1240,0.0,-2.0,0,0.0,0,N,0.0,0,0
89940,-34.5083,-58.479645,0.0,80.0,0.0,1240,0.0,-2.0,0,0.0,0,N,0.0,0,0
90940,-34.508305,-58.479645,0.0,80.0,0.0,1240,0.0,-2.0,0,0.0,0,N,0.0,0,0
91940,-34.508305,-58.47964,0.0,80.0,0.0,1240,0.0,-2.0,0,0.0,0,N,0.0,0,0
92940,-34.50831,-58.479637,0.0,80.0,0.0,1240,0.0,-2.0,0,0.0,0,N,0.0,0,0
93940,-34.50831,-58.479637,0.0,81.0,0.0,1240,0.0,-2.0,0,0.0,0,N,0.0,0,0
94940,-34.508312,-58.479633,0.0,81.0,0.0,1240,0.0,-2.0,0,0.0,0,N,0.0,0,0
95940,-34.508312,-58.479633,0.0,81.0,0.0,1240,0.0,-2.0,0,0.0,0,N,0.0,0,0
96940,-34.508316,-58.47963,0.0,81.0,0.0,1240,0.0,-2.0,0,0.0,0,N,0.0,0,0
97940,-34.508316,-58.479626,1.0,82.0,0.0,1240,0.0,-2.0,0,0.0,0,N,0.0,0,0
98940,-34.50832,-58.47962,1.0,82.0,0.0,1240,0.0,-2.0,0,0.0,0,N,0.0,0,0
99940,-34.50832,-58.479618,1.0,82.0,0.0,1240,0.0,-2.0,0,0.0,0,N,0.0,0,0
100940,-34.508316,-58.47962,1.0,82.0,0.0,1240,0.0,-2.0,0,0.0,0,N,0.0,0,0
101940,-34.508305,-58.479626,1.0,82.0,0.0,1240,0.0,-2.0,0,0.0,0,N,0.0,0,0
102940,-34.508293,-58.479633,1.0,82.0,0.0,1240,0.0,-2.0,0,0.0,0,N,0.0,0,0
103940,-34.508278,-58.479645,1.0,82.0,0.0,1240,0.0,-2.0,0,0.0,0,N,0.0,0,0
104940,-34.508266,-58.479652,1.0,82.0,0.0,1240,0.0,-2.0,0,0.0,0,N,0.0,0,0
105940,-34.50826,-58.47966,1.0,83.0,0.0,1240,0.0,-2.0,0,0.0,0,N,0.0,0,0
106940,-34.508247,-58.47967,0.0,83.0,0.0,1240,0.0,-2.0,0,0.0,0,N,0.0,0,0
107940,-34.508236,-58.479683,0.0,83.0,0.0,1240,0.0,-2.0,0,0.0,0,N,0.0,0,0
108940,-34.50823,-58.47969,0.0,83.0,0.0,1240,0.0,-2.0,0,0.0,0,1,0.0,0,0
109940,-34.50822,-58.4797,0.0,83.0,0.0,1242,0.0,-2.0,0,0.0,0,1,0.0,0,0
110940,-34.508217,-58.479706,0.0,83.0,0.0,1341,0.0,-2.0,0,0.0,0,1,0.0,0,0
111940,-34.508213,-58.479713,0.0,84.0,0.0,1151,0.0,-2.0,0,0.0,0,1,0.0,0,0
112940,-34.508213,-58.479717,0.0,84.0,0.0,1067,4.0,-2.0,0,0.0,0,1,0.0,0,0
113940,-34.508213,-58.47972,3.6,84.0,0.0,945,8.0,-2.0,0,0.0,0,1,0.0,0,2
114940,-34.50821,-58.479725,3.6,84.0,0.0,1174,9.0,-2.0,0,0.0,0,1,0.0,0,3
115940,-34.50821,-58.47973,3.6,84.0,0.0,1251,9.0,-2.0,0,0.0,0,1,0.0,0,3
116940,-34.508213,-58.479733,3.6,85.0,0.0,1251,8.0,-2.0,0,0.0,0,1,0.0,0,3
117940,-34.508213,-58.479736,9.9,85.0,0.0,1120,9.0,-2.0,0,0.0,0,1,0.0,0,3
118940,-34.508217,-58.47974,9.9,85.0,0.0,1085,9.0,-2.0,0,0.0,0,1,0.0,0,3
119940,-34.508224,-58.479736,9.9,85.0,0.0,1209,9.0,-2.0,0,0.0,0,1,0.0,0,3
120940,-34.508255,-58.479725,9.9,85.0,0.0,1243,8.0,-2.0,0,0.0,0,1,0.0,0,3
121940,-34.50828,-58.479713,9.8,85.0,0.0,1250,7.0,-2.0,0,0.0,0,1,0.0,0,3
122940,-34.5083,-58.479713,9.8,86.0,0.0,1257,4.0,-2.0,0,0.0,0,1,0.0,0,3
123940,-34.508423,-58.479652,9.8,86.0,0.0,1257,0.0,-2.0,0,0.0,0,1,0.0,0,3
124940,-34.508423,-58.479656,9.8,86.0,0.0,1257,0.0,-2.0,0,0.0,0,1,0.0,0,3
125940,-34.508423,-58.47966,3.0,86.0,0.0,1010,0.0,-2.0,0,0.0,0,1,0.0,0,3
126940,-34.508427,-58.47966,3.0,86.0,0.0,905,5.0,-2.0,0,0.0,0,1,0.0,0,3
127940,-34.508434,-58.47966,3.0,86.0,0.0,1157,7.0,-2.0,0,0.0,0,1,0.0,0,3
128940,-34.50844,-58.479652,3.0,86.0,0.0,1275,6.0,-2.0,0,0.0,0,1,0.0,0,3
129940,-34.508442,-58.479637,3.0,86.0,0.0,1275,5.0,-2.0,0,0.0,0,1,0.0,0,3
130940,-34.508442,-58.479614,7.1,87.0,0.0,1275,4.0,-2.0,0,0.0,0,1,0.0,0,3
131940,-34.508446,-58.479588,7.1,87.0,0.0,1275,0.0,-2.0,0,0.0,0,1,0.0,0,3
132940,-34.508446,-58.47957,7.1,87.0,0.0,1275,0.0,-2.0,0,0.0,0,1,0.0,0,3
133940,-34.508446,-58.479553,7.1,87.0,0.0,1275,0.0,-2.0,0,0.0,0,1,0.0,0,3
134940,-34.50847,-58.479473,1.0,87.0,0.0,1275,0.0,-2.0,0,0.0,0,1,0.0,0,3
135940,-34.50847,-58.47946,1.0,87.0,0.0,1275,0.0,-2.0,0,0.0,0,1,0.0,0,3
136940,-34.50847,-58.47946,1.0,87.0,0.0,1275,0.0,-2.0,0,0.0,0,1,0.0,0,3
137940,-34.508472,-58.479454,1.0,87.0,0.0,1275,0.0,-2.0,0,0.0,0,1,0.0,0,3
138940,-34.508472,-58.479454,0.0,87.0,0.0,1275,0.0,-2.0,0,0.0,0,N,0.0,0,3
139940,-34.508472,-58.47945,0.0,87.0,0.0,1275,0.0,-2.0,0,0.0,0,N,0.0,0,3
140940,-34.508472,-58.47945,0.0,88.0,0.0,1275,0.0,-2.0,0,0.0,0,N,0.0,0,3
141940,-34.508472,-58.47945,0.0,88.0,0.0,1275,0.0,-2.0,0,0.0,0,N,0.0,0,3
142940,-34.508472,-58.47945,0.0,88.0,0.0,1275,0.0,-2.0,0,0.0,0,N,0.0,0,3
143940,-34.508472,-58.47945,0.0,88.0,0.0,1275,0.0,-2.0,0,0.0,0,N,0.0,0,3
144940,-34.508472,-58.47945,0.0,88.0,0.0,1275,0.0,-2.0,0,0.0,0,N,0.0,0,3
145940,-34.508472,-58.47945,0.0,88.0,0.0,1275,0.0,-2.0,0,0.0,0,N,0.0,0,3
146940,-34.508472,-58.47945,0.0,89.0,0.0,1275,0.0,-2.0,0,0.0,0,N,0.0,0,3
147940,-34.508472,-58.47945,0.0,89.0,0.0,1275,0.0,-2.0,0,0.0,0,1,0.0,0,3
148940,-34.508472,-58.47945,0.0,89.0,0.0,1275,0.0,-2.0,0,0.0,0,1,0.0,0,3
149940,-34.508472,-58.47945,0.0,89.0,0.0,1275,0.0,-2.0,0,0.0,0,1,0.0,0,3
150940,-34.508472,-58.47945,0.0,89.0,0.0,2019,0.0,-2.0,0,0.0,0,1,0.0,0,3
151940,-34.508472,-58.47945,0.0,89.0,0.0,2001,19.0,-2.0,0,0.0,0,1,0.0,0,3
152940,-34.508465,-58.47945,0.0,89.0,0.0,2142,25.0,-2.0,0,0.0,0,2,0.0,0,3
153940,-34.508434,-58.479446,0.0,90.0,0.0,2423,28.0,-2.0,0,0.0,0,2,0.0,0,3
154940,-34.508377,-58.47945,6.9,90.0,0.0,2677,31.0,-2.0,0,0.0,0,2,0.0,0,3
155940,-34.50829,-58.47946,6.9,90.0,0.0,2849,33.0,-2.0,0,0.0,0,2,0.0,0,3
156940,-34.508194,-58.479485,6.9,90.0,0.0,3045,36.0,-2.0,0,0.0,0,2,0.0,0,3
157940,-34.508095,-58.479515,6.9,90.0,0.0,3415,41.0,-2.0,0,0.0,0,2,0.0,0,3
158940,-34.507996,-58.47955,10.3,90.0,0.0,3417,44.0,-2.0,0,0.0,0,3,0.0,0,3
159940,-34.507896,-58.479588,10.3,90.0,0.0,3063,45.0,-2.0,0,0.0,0,3,0.0,0,3
160940,-34.507793,-58.479633,10.3,90.0,0.0,3166,47.0,-2.0,0,0.0,0,3,0.0,0,3
161940,-34.507694,-58.47969,10.3,90.0,0.0,3251,48.0,-2.0,0,0.0,0,3,0.0,0,3
162940,-34.507587,-58.47975,14.8,90.0,0.0,3265,48.0,-2.0,0,0.0,0,3,0.0,0,3
163940,-34.507355,-58.47985,14.8,90.0,0.0,3268,47.0,-2.0,0,0.0,0,3,0.0,0,3
164940,-34.507225,-58.47989,14.8,90.0,0.0,3354,51.0,-2.0,0,0.0,0,3,0.0,0,3
165940,-34.507095,-58.47993,14.8,91.0,0.0,3784,58.0,-2.0,0,0.0,0,3,0.0,0,3
166940,-34.50696,-58.47997,14.8,91.0,0.0,3846,60.0,-2.0,0,0.0,0,4,0.0,0,3
167940,-34.506824,-58.480007,11.5,90.0,0.0,3430,59.0,-2.0,0,0.0,0,4,0.0,0,3
168940,-34.50668,-58.480053,11.5,90.0,0.0,3309,59.0,-2.0,0,0.0,0,4,0.0,0,3
169940,-34.50654,-58.480103,11.5,90.0,0.0,3204,56.0,-2.0,0,0.0,0,4,0.0,0,3
170940,-34.5064,-58.480156,11.5,90.0,0.0,3043,55.0,-2.0,0,0.0,0,4,0.0,0,3
171940,-34.506268,-58.480213,27.0,90.0,0.0,2490,50.0,-2.0,0,0.0,0,4,0.0,0,3
172940,-34.506153,-58.480267,27.0,90.0,0.0,1929,38.0,-2.0,0,0.0,0,4,0.0,0,3
173940,-34.506054,-58.48031,27.0,90.0,0.0,1267,29.0,-2.0,0,0.0,0,4,0.0,0,3
174940,-34.505974,-58.48034,27.0,90.0,0.0,1303,25.0,-2.0,0,0.0,0,2,0.0,0,3
175940,-34.505913,-58.480354,37.5,90.0,0.0,1303,21.0,-2.0,0,0.0,0,2,0.0,0,3
176940,-34.50587,-58.48037,37.5,90.0,0.0,1303,17.0,-2.0,0,0.0,0,2,0.0,0,3
177940,-34.50584,-58.480385,37.5,90.0,0.0,1376,14.0,-2.0,0,0.0,0,1,0.0,0,3
178940,-34.505817,-58.480404,37.5,90.0,0.0,1538,13.0,-2.0,0,0.0,0,1,0.0,0,3
179940,-34.505795,-58.48042,14.6,90.0,0.0,1536,14.0,-2.0,0,0.0,0,1,0.0,0,3
180940,-34.50577,-58.480434,14.6,90.0,0.0,1656,14.0,-2.0,0,0.0,0,1,0.0,0,3
181940,-34.50574,-58.48045,14.6,90.0,0.0,2180,21.0,-2.0,0,0.0,0,1,0.0,0,3
182940,-34.505707,-58.48047,14.6,90.0,0.0,3137,29.0,-2.0,0,0.0,0,1,0.0,0,3
183940,-34.505707,-58.48047,7.6,90.0,0.0,3103,32.0,-2.0,0,0.0,0,2,0.0,0,3
184940,-34.50565,-58.480488,7.6,90.0,0.0,3140,38.0,-2.0,0,0.0,0,2,0.0,0,3
185940,-34.505577,-58.480507,7.6,90.0,0.0,3611,45.0,-2.0,0,0.0,0,2,0.0,0,3
186940,-34.50549,-58.48053,7.6,90.0,0.0,3017,45.0,-2.0,0,0.0,0,3,0.0,0,3
187940,-34.505386,-58.48056,10.2,90.0,0.0,3137,47.0,-2.0,0,0.0,0,3,0.0,0,3
188940,-34.505276,-58.480606,10.2,90.0,0.0,3059,46.0,-2.0,0,0.0,0,3,0.0,0,3
189940,-34.50516,-58.480648,10.2,90.0,0.0,2786,42.0,-2.0,0,0.0,0,3,0.0,0,3
190940,-34.505047,-58.48069,10.2,90.0,0.0,2529,38.0,-2.0,0,0.0,0,3,0.0,0,3
191940,-34.504944,-58.480736,37.3,90.0,0.0,2344,35.0,-2.0,0,0.0,0,3,0.0,0,3
192940,-34.504852,-58.480778,37.3,90.0,0.0,2347,35.0,-2.0,0,0.0,0,3,0.0,0,3
193940,-34.504772,-58.480812,37.3,90.0,0.0,2482,36.0,-2.0,0,0.0,0,3,0.0,0,3
194940,-34.504692,-58.480843,37.3,91.0,0.0,2404,36.0,-2.0,0,0.0,0,3,0.0,0,3
195940,-34.504604,-58.48087,16.5,91.0,0.0,2637,41.0,-2.0,0,0.0,0,3,0.0,0,3
196940,-34.504513,-58.480896,16.5,91.0,0.0,3081,46.0,-2.0,0,0.0,0,3,0.0,0,3
197940,-34.504425,-58.48092,16.5,91.0,0.0,3139,47.0,-2.0,0,0.0,0,3,0.0,0,3
198940,-34.50433,-58.480957,16.5,91.0,0.0,3012,45.0,-2.0,0,0.0,0,3,0.0,0,3
199940,-34.504234,-58.481,14.3,91.0,0.0,2849,43.0,-2.0,0,0.0,0,3,0.0,0,3
200940,-34.50413,-58.481052,14.3,91.0,0.0,2647,40.0,-2.0,0,0.0,0,3,0.0,0,3
201940,-34.504036,-58.481102,14.3,91.0,0.0,2490,37.0,-2.0,0,0.0,0,3,0.0,0,3
202940,-34.50394,-58.481163,14.3,91.0,0.0,2430,35.0,-2.0,0,0.0,0,3,0.0,0,3
203940,-34.503853,-58.48122,27.0,91.0,0.0,2425,37.0,-2.0,0,0.0,0,3,0.0,0,3
204940,-34.50377,-58.48128,27.0,91.0,0.0,2572,37.0,-2.0,0,0.0,0,3,0.0,0,3
205940,-34.503696,-58.48134,27.0,91.0,0.0,2544,38.0,-2.0,0,0.0,0,3,0.0,0,3
206940,-34.50362,-58.481388,27.0,91.0,0.0,2443,36.0,-2.0,0,0.0,0,3,0.0,0,3
207940,-34.503548,-58.481438,18.1,91.0,0.0,2350,35.0,-2.0,0,0.0,0,3,0.0,0,3
208940,-34.503403,-58.481552,18.1,91.0,0.0,2506,37.0,-2.0,0,0.0,0,3,0.0,0,3
209940,-34.503326,-58.481606,18.1,91.0,0.0,2606,38.0,-2.0,0,0.0,0,3,0.0,0,3
210940,-34.503242,-58.48165,18.1,91.0,0.0,2606,38.0,-2.0,0,0.0,0,3,0.0,0,3
211940,-34.50316,-58.481686,16.7,91.0,0.0,2434,36.0,-2.0,0,0.0,0,3,0.0,0,3
212940,-34.503075,-58.481712,16.7,91.0,0.0,2347,35.0,-2.0,0,0.0,0,3,0.0,0,3
213940,-34.502987,-58.481728,16.7,91.0,0.0,2327,35.0,-2.0,0,0.0,0,3,0.0,0,3
214940,-34.502903,-58.48174,16.7,91.0,0.0,2192,32.0,-2.0,0,0.0,0,3,0.0,0,3
215940,-34.50282,-58.481747,16.7,91.0,0.0,2167,31.0,-2.0,0,0.0,0,3,0.0,0,3
216940,-34.502747,-58.48175,20.4,91.0,0.0,2230,32.0,-2.0,0,0.0,0,3,0.0,0,3
217940,-34.502678,-58.481766,20.4,91.0,0.0,2562,38.0,-2.0,0,0.0,0,3,0.0,0,3
218940,-34.502605,-58.481785,20.4,91.0,0.0,2990,43.0,-2.0,0,0.0,0,3,0.0,0,3
219940,-34.502525,-58.481804,20.4,91.0,0.0,2990,43.0,-2.0,0,0.0,0,3,0.0,0,3
220940,-34.502438,-58.481827,20.4,91.0,0.0,2990,43.0,-2.0,0,0.0,0,3,0.0,0,3
221940,-34.502438,-58.481827,20.4,91.0,0.0,2990,43.0,-2.0,0,0.0,0,3,0.0,0,3
227940,-34.501698,-58.48201,23.8,92.0,0.0,2858,50.0,-2.0,0,0.0,0,4,0.0,0,3
228940,-34.501587,-58.482048,23.8,92.0,0.0,3005,53.0,-2.0,0,0.0,0,4,0.0,0,3
229940,-34.50147,-58.482105,23.8,92.0,0.0,3179,55.0,-2.0,0,0.0,0,4,0.0,0,3
230940,-34.50147,-58.482105,23.8,92.0,0.0,3282,57.0,-2.0,0,0.0,0,4,0.0,0,3
231940,-34.501343,-58.48218,14.1,92.0,0.0,3293,57.0,-2.0,0,0.0,0,4,0.0,0,3
232940,-34.50121,-58.482265,14.1,92.0,0.0,3277,55.0,-2.0,0,0.0,0,4,0.0,0,3
233940,-34.501076,-58.482353,14.1,92.0,0.0,3149,55.0,-2.0,0,0.0,0,4,0.0,0,3
234940,-34.500942,-58.482445,14.1,92.0,0.0,3005,54.0,-2.0,0,0.0,0,4,0.0,0,3
235940,-34.500805,-58.48254,14.1,92.0,0.0,2784,50.0,-2.0,0,0.0,0,4,0.0,0,3
236940,-34.50067,-58.48263,26.0,92.0,0.0,2683,46.0,-2.0,0,0.0,0,4,0.0,0,3
237940,-34.50055,-58.48272,26.0,91.0,0.0,2656,46.0,-2.0,0,0.0,0,4,0.0,0,3
238940,-34.50043,-58.482807,26.0,91.0,0.0,2715,48.0,-2.0,0,0.0,0,4,0.0,0,3
239940,-34.50032,-58.482887,26.0,91.0,0.0,2817,48.0,-2.0,0,0.0,0,4,0.0,0,3
240940,-34.500214,-58.48296,15.4,91.0,0.0,2821,50.0,-2.0,0,0.0,0,4,0.0,0,3
241940,-34.500107,-58.48303,15.4,91.0,0.0,2557,47.0,-2.0,0,0.0,0,4,0.0,0,3
242940,-34.5,-58.4831,15.4,91.0,0.0,2588,40.0,-2.0,0,0.0,0,3,0.0,0,3
243940,-34.499897,-58.483173,15.4,91.0,0.0,1804,36.0,-2.0,0,0.0,0,3,0.0,0,3
244940,-34.499798,-58.48324,28.9,91.0,0.0,2548,32.0,-2.0,0,0.0,0,2,0.0,0,3
245940,-34.49971,-58.48329,28.9,91.0,0.0,2008,26.0,-2.0,0,0.0,0,2,0.0,0,3
246940,-34.49964,-58.48334,28.9,91.0,0.0,1683,20.0,-2.0,0,0.0,0,2,0.0,0,3
247940,-34.499584,-58.483376,28.9,91.0,0.0,1691,21.0,-2.0,0,0.0,0,2,0.0,0,3
248940,-34.499542,-58.483395,14.5,91.0,0.0,2226,26.0,-2.0,0,0.0,0,2,0.0,0,3
249940,-34.499504,-58.483402,14.5,91.0,0.0,2843,35.0,-2.0,0,0.0,0,2,0.0,0,3
250940,-34.49947,-58.483387,14.5,91.0,0.0,3321,39.0,-2.0,0,0.0,0,2,0.0,0,3
251940,-34.499443,-58.483353,14.5,91.0,0.0,3525,42.0,-2.0,0,0.0,0,2,0.0,0,3
252940,-34.499413,-58.483288,9.0,91.0,0.0,3374,40.0,-2.0,0,0.0,0,2,0.0,0,3
253940,-34.499374,-58.483208,9.0,91.0,0.0,3113,38.0,-2.0,0,0.0,0,2,0.0,0,3
254940,-34.499294,-58.48298,9.0,91.0,0.0,2615,33.0,-2.0,0,0.0,0,2,0.0,0,3
255940,-34.49927,-58.48286,9.0,91.0,0.0,2174,27.0,-2.0,0,0.0,0,2,0.0,0,3
256940,-34.49925,-58.482758,25.5,91.0,0.0,1754,21.0,-2.0,0,0.0,0,2,0.0,0,3
257940,-34.49923,-58.482666,25.5,91.0,0.0,1889,22.0,-2.0,0,0.0,0,2,0.0,0,3
258940,-34.49921,-58.4826,25.5,91.0,0.0,2022,25.0,-2.0,0,0.0,0,2,0.0,0,3
259940,-34.49919,-58.482544,25.5,91.0,0.0,2216,26.0,-2.0,0,0.0,0,2,0.0,0,3
260940,-34.49916,-58.482494,25.5,91.0,0.0,2360,28.0,-2.0,0,0.0,0,2,0.0,0,3
261940,-34.499123,-58.482456,10.6,91.0,0.0,2579,30.0,-2.0,0,0.0,0,2,0.0,0,3
262940,-34.49908,-58.482426,10.6,91.0,0.0,2756,32.0,-2.0,0,0.0,0,2,0.0,0,3
263940,-34.499027,-58.4824,10.6,91.0,0.0,2646,32.0,-2.0,0,0.0,0,2,0.0,0,3
264940,-34.498966,-58.482388,11.9,91.0,0.0,2530,30.0,-2.0,0,0.0,0,2,0.0,0,3
265940,-34.498898,-58.48238,11.9,91.0,0.0,2383,28.0,-2.0,0,0.0,0,2,0.0,0,3
266940,-34.498825,-58.482384,11.9,91.0,0.0,2277,27.0,-2.0,0,0.0,0,2,0.0,0,3
267940,-34.49875,-58.48239,11.9,91.0,0.0,2135,25.0,-2.0,0,0.0,0,2,0.0,0,3
268940,-34.49868,-58.482407,14.3,91.0,0.0,2034,25.0,-2.0,0,0.0,0,2,0.0,0,3
269940,-34.498604,-58.482426,14.3,91.0,0.0,2005,23.0,-2.0,0,0.0,0,2,0.0,0,3
270940,-34.498535,-58.482452,14.3,91.0,0.0,1842,22.0,-2.0,0,0.0,0,2,0.0,0,3
271940,-34.49847,-58.482475,14.3,91.0,0.0,1661,19.0,-2.0,0,0.0,0,2,0.0,0,3
272940,-34.498413,-58.482494,13.8,91.0,0.0,1852,21.0,-2.0,0,0.0,0,2,0.0,0,3
273940,-34.498363,-58.482513,13.8,91.0,0.0,2052,23.0,-2.0,0,0.0,0,2,0.0,0,3
274940,-34.498314,-58.48254,13.8,91.0,0.0,2170,25.0,-2.0,0,0.0,0,2,0.0,0,3
275940,-34.498272,-58.482567,13.8,91.0,0.0,2669,34.0,-2.0,0,0.0,0,2,0.0,0,3
276940,-34.498234,-58.482594,8.7,92.0,0.0,3354,40.0,-2.0,0,0.0,0,2,0.0,0,3
277940,-34.498203,-58.482628,8.7,92.0,0.0,3406,40.0,-2.0,0,0.0,0,2,0.0,0,3
278940,-34.49818,-58.48268,8.7,92.0,0.0,2958,37.0,-2.0,0,0.0,0,2,0.0,0,3
279940,-34.49818,-58.48268,8.7,92.0,0.0,2613,32.0,-2.0,0,0.0,0,2,0.0,0,3
280940,-34.498173,-58.482758,8.7,92.0,0.0,2525,29.0,-2.0,0,0.0,0,2,0.0,0,3
281940,-34.498177,-58.482845,29.9,92.0,0.0,2646,31.0,-2.0,0,0.0,0,2,0.0,0,3
282940,-34.4982,-58.48296,29.9,92.0,0.0,2694,32.0,-2.0,0,0.0,0,2,0.0,0,3
283940,-34.498245,-58.483086,29.9,92.0,0.0,2567,31.0,-2.0,0,0.0,0,2,0.0,0,3
284940,-34.498302,-58.483208,29.9,92.0,0.0,2441,29.0,-2.0,0,0.0,0,2,0.0,0,3
285940,-34.498367,-58.483322,14.8,92.0,0.0,2216,27.0,-2.0,0,0.0,0,2,0.0,0,3
286940,-34.498432,-58.48343,14.8,92.0,0.0,1954,23.0,-2.0,0,0.0,0,2,0.0,0,3
287940,-34.49849,-58.483524,14.8,92.0,0.0,1687,19.0,-2.0,0,0.0,0,2,0.0,0,3
288940,-34.498543,-58.483612,14.8,92.0,0.0,1520,18.0,-2.0,0,0.0,0,2,0.0,0,3
289940,-34.49859,-58.483685,18.1,92.0,0.0,1216,14.0,-2.0,0,0.0,0,2,0.0,0,3
290940,-34.498627,-58.48375,18.1,92.0,0.0,1184,11.0,-2.0,0,0.0,0,1,0.0,0,3
291940,-34.498665,-58.4838,18.1,92.0,0.0,1184,7.0,-2.0,0,0.0,0,1,0.0,0,3
292940,-34.498695,-58.48384,18.1,92.0,0.0,1471,0.0,-2.0,0,0.0,0,1,0.0,0,3
293940,-34.498726,-58.483875,6.8,92.0,0.0,1621,0.0,-2.0,0,0.0,0,1,0.0,0,3
294940,-34.49874,-58.483894,6.8,92.0,0.0,1529,0.0,-2.0,0,0.0,0,1,0.0,0,3
295940,-34.49875,-58.483894,6.8,92.0,0.0,1303,0.0,-2.0,0,0.0,0,1,0.0,0,3
296940,-34.498745,-58.483894,6.8,92.0,0.0,1257,0.0,-2.0,0,0.0,0,N,0.0,0,3
297940,-34.498745,-58.483894,0.0,92.0,0.0,1179,0.0,-2.0,0,0.0,0,N,0.0,0,3
298940,-34.49874,-58.48389,0.0,93.0,0.0,1179,0.0,-2.0,0,0.0,0,N,0.0,0,3
299940,-34.49874,-58.483894,0.0,93.0,0.0,1179,0.0,-2.0,0,0.0,0,N,0.0,0,3
300940,-34.49874,-58.483894,0.0,93.0,0.0,1179,0.0,-2.0,0,0.0,0,N,0.0,0,3
301940,-34.49874,-58.483894,0.0,93.0,0.0,1179,0.0,-2.0,0,0.0,0,N,0.0,0,3
302940,-34.49874,-58.483894,0.0,93.0,0.0,1179,0.0,-2.0,0,0.0,0,N,0.0,0,3
303940,-34.49874,-58.48389,0.0,93.0,0.0,1179,0.0,-2.0,0,0.0,0,N,0.0,0,3
304940,-34.49874,-58.48389,0.0,93.0,0.0,1179,0.0,-2.0,0,0.0,0,N,0.0,0,3
305940,-34.498745,-58.48389,0.0,93.0,0.0,1179,0.0,-2.0,0,0.0,0,N,0.0,0,3
306940,-34.49874,-58.48389,0.0,93.0,0.0,1179,0.0,-2.0,0,0.0,0,N,0.0,0,3
307940,-34.498745,-58.483894,0.0,93.0,0.0,1179,0.0,-2.0,0,0.0,0,N,0.0,0,3
308940,-34.49874,-58.483894,0.0,94.0,0.0,1179,0.0,-2.0,0,0.0,0,N,0.0,0,3
309940,-34.49874,-58.483894,0.0,94.0,0.0,1179,0.0,-2.0,0,0.0,0,N,0.0,0,3
310940,-34.49874,-58.483894,0.0,94.0,0.0,1179,0.0,-2.0,0,0.0,0,N,0.0,0,3
311940,-34.49874,-58.483894,0.0,94.0,0.0,1179,0.0,-2.0,0,0.0,0,N,0.0,0,3
312940,-34.49874,-58.483894,0.0,94.0,0.0,1179,0.0,-2.0,0,0.0,0,N,0.0,0,3
313940,-34.49874,-58.483894,0.0,95.0,0.0,1179,0.0,-2.0,0,0.0,0,N,0.0,0,3
314940,-34.49874,-58.483894,0.0,95.0,0.0,1179,0.0,-2.0,0,0.0,0,N,0.0,0,3
315940,-34.49874,-58.483894,0.0,95.0,0.0,1179,0.0,-2.0,0,0.0,0,N,0.0,0,3
316940,-34.49874,-58.483894,0.0,95.0,0.0,1179,0.0,-2.0,0,0.0,0,N,0.0,0,3
317940,-34.49874,-58.483894,0.0,96.0,0.0,1179,0.0,-2.0,0,0.0,0,N,0.0,0,3
318940,-34.49874,-58.483894,0.0,96.0,0.0,1179,0.0,-2.0,0,0.0,0,N,0.0,0,3
319940,-34.49874,-58.483894,0.0,96.0,0.0,1179,0.0,-2.0,0,0.0,0,N,0.0,0,3
320940,-34.49874,-58.483894,0.0,96.0,0.0,1179,0.0,-2.0,0,0.0,0,N,0.0,0,3
321940,-34.49874,-58.483894,0.0,96.0,0.0,1179,0.0,-2.0,0,0.0,0,N,0.0,0,3
322940,-34.49874,-58.483894,0.0,96.0,0.0,1179,0.0,-2.0,0,0.0,0,N,0.0,0,3
323940,-34.49874,-58.483894,0.0,97.0,0.0,1179,0.0,-2.0,0,0.0,0,N,0.0,0,3
324940,-34.49874,-58.483894,0.0,97.0,0.0,1179,0.0,-2.0,0,0.0,0,N,0.0,0,3
325940,-34.49874,-58.483894,0.0,97.0,0.0,1179,0.0,-2.0,0,0.0,0,N,0.0,0,3
326940,-34.49874,-58.483894,0.0,97.0,0.0,1179,0.0,-2.0,0,0.0,0,N,0.0,0,3
327940,-34.49874,-58.483894,0.0,97.0,0.0,1179,0.0,-2.0,0,0.0,0,N,0.0,0,3
328940,-34.49874,-58.483894,0.0,97.0,0.0,1179,0.0,-2.0,0,0.0,0,N,0.0,0,3
329940,-34.49874,-58.483894,0.0,98.0,0.0,1179,0.0,-2.0,0,0.0,0,N,0.0,0,3
330940,-34.49874,-58.483894,0.0,98.0,0.0,1179,0.0,-2.0,0,0.0,0,N,0.0,0,3
331940,-34.49874,-58.483894,0.0,98.0,0.0,1179,0.0,-2.0,0,0.0,0,N,0.0,0,3
332940,-34.49874,-58.483894,0.0,98.0,0.0,1179,0.0,-2.0,0,0.0,0,N,0.0,0,3
333940,-34.49874,-58.483894,0.0,98.0,0.0,1179,0.0,-2.0,0,0.0,0,N,0.0,0,3
334940,-34.49874,-58.483894,0.0,98.0,0.0,1179,0.0,-2.0,0,0.0,0,N,0.0,0,3
335940,-34.49874,-58.483894,0.0,99.0,0.0,1179,0.0,-2.0,0,0.0,0,N,0.0,0,3
336940,-34.49874,-58.483894,0.0,99.0,0.0,1179,0.0,-2.0,0,0.0,0,N,0.0,0,3
337940,-34.49874,-58.483894,0.0,99.0,0.0,1179,0.0,-2.0,0,0.0,0,N,0.0,0,3
338940,-34.49874,-58.483894,0.0,99.0,0.0,1179,0.0,-2.0,0,0.0,0,N,0.0,0,3
339940,-34.49874,-58.483894,0.0,99.0,0.0,1179,0.0,-2.0,0,0.0,0,N,0.0,0,3
340940,-34.49874,-58.483894,0.0,99.0,0.0,1179,0.0,-2.0,0,0.0,0,N,0.0,0,3
341940,-34.49874,-58.483894,0.0,100.0,0.0,1179,0.0,-2.0,0,0.0,0,N,0.0,0,3
342940,-34.49874,-58.483894,0.0,100.0,0.0,1179,0.0,-2.0,0,0.0,0,1,0.0,0,3
343940,-34.49874,-58.483894,0.0,100.0,0.0,1179,0.0,-2.0,0,0.0,0,1,0.0,0,3
344940,-34.49874,-58.483894,0.0,100.0,0.0,1179,0.0,-2.0,0,0.0,0,1,0.0,0,3
345940,-34.49874,-58.483894,0.0,100.0,0.0,1121,0.0,-2.0,0,0.0,0,1,0.0,0,3
346940,-34.49874,-58.483894,0.0,101.0,0.0,1527,7.0,-2.0,0,0.0,0,1,0.0,0,3
347940,-34.49874,-58.48391,0.0,101.0,0.0,2123,17.0,-2.0,0,0.0,0,1,0.0,0,3
348940,-34.498745,-58.48394,0.0,101.0,0.0,2127,20.0,-2.0,0,0.0,0,1,0.0,0,3
349940,-34.498745,-58.483986,0.0,101.0,0.0,1248,20.0,-2.0,0,0.0,0,1,0.0,0,3
350940,-34.49875,-58.48404,8.1,101.0,0.0,1294,17.0,-2.0,0,0.0,0,1,0.0,0,3
351940,-34.498756,-58.484085,8.1,101.0,0.0,1294,13.0,-2.0,0,0.0,0,1,0.0,0,3
352940,-34.498764,-58.484123,8.1,101.0,0.0,1294,12.0,-2.0,0,0.0,0,1,0.0,0,3
353940,-34.49876,-58.484154,8.1,101.0,0.0,1166,10.0,-2.0,0,0.0,0,1,0.0,0,3
354940,-34.498764,-58.484184,11.1,101.0,0.0,1423,13.0,-2.0,0,0.0,0,1,0.0,0,3
355940,-34.498756,-58.4842,11.1,101.0,0.0,1198,12.0,-2.0,0,0.0,0,1,0.0,0,3
356940,-34.498753,-58.484207,11.1,101.0,0.0,1212,10.0,-2.0,0,0.0,0,1,0.0,0,3
357940,-34.49875,-58.48421,11.1,101.0,0.0,1379,12.0,-2.0,0,0.0,0,1,0.0,0,3
358940,-34.498737,-58.484215,9.3,100.0,0.0,1733,15.0,-2.0,0,0.0,0,1,0.0,0,3
359940,-34.498726,-58.484215,9.3,100.0,0.0,1297,16.0,-2.0,0,0.0,0,1,0.0,0,3
360940,-34.498714,-58.48422,9.3,100.0,0.0,1293,14.0,-2.0,0,0.0,0,1,0.0,0,3
361940,-34.4987,-58.484222,9.3,100.0,0.0,1293,13.0,-2.0,0,0.0,0,1,0.0,0,3
362940,-34.498688,-58.484222,12.2,99.0,0.0,1273,10.0,-2.0,0,0.0,0,1,0.0,0,3
363940,-34.498672,-58.484222,12.2,99.0,0.0,1193,8.0,-2.0,0,0.0,0,1,0.0,0,3
364940,-34.498657,-58.484222,12.2,99.0,0.0,1193,5.0,-2.0,0,0.0,0,1,0.0,0,3
365940,-34.49865,-58.484222,12.2,99.0,0.0,1193,0.0,-2.0,0,0.0,0,1,0.0,0,3
366940,-34.49865,-58.484222,12.2,98.0,0.0,1193,0.0,-2.0,0,0.0,0,1,0.0,0,3
367940,-34.498642,-58.48422,4.7,98.0,0.0,1193,0.0,-2.0,0,0.0,0,1,0.0,0,3
368940,-34.49864,-58.48421,4.7,98.0,0.0,1193,0.0,-2.0,0,0.0,0,1,0.0,0,3
369940,-34.498634,-58.484203,4.7,98.0,0.0,1191,0.0,-2.0,0,0.0,0,N,0.0,0,3
370940,-34.49863,-58.4842,4.7,97.0,0.0,1184,0.0,-2.0,0,0.0,0,N,0.0,0,3
371940,-34.49863,-58.4842,0.0,97.0,0.0,1184,0.0,-2.0,0,0.0,0,N,0.0,0,3
372940,-34.49863,-58.4842,0.0,97.0,0.0,1184,0.0,-2.0,0,0.0,0,N,0.0,0,3
373940,-34.498657,-58.48422,0.0,97.0,0.0,1184,0.0,-2.0,0,0.0,0,N,0.0,0,3
374940,-34.49866,-58.484222,0.0,97.0,0.0,1184,0.0,-2.0,0,0.0,0,N,0.0,0,3
375940,-34.49866,-58.484222,0.0,97.0,0.0,1184,0.0,-2.0,0,0.0,0,N,0.0,0,3
376940,-34.49866,-58.484222,0.0,97.0,0.0,1184,0.0,-2.0,0,0.0,0,N,0.0,0,3
377940,-34.49866,-58.484222,0.0,97.0,0.0,1184,0.0,-2.0,0,0.0,0,N,0.0,0,3
383940,-34.4987,-58.48417,0.0,97.0,0.0,1184,0.0,-2.0,0,0.0,0,N,0.0,0,3
384940,-34.498714,-58.484154,0.0,97.0,0.0,1184,0.0,-2.0,0,0.0,0,N,0.0,0,3
385940,-34.498726,-58.48414,0.0,97.0,0.0,1184,0.0,-2.0,0,0.0,0,N,0.0,0,3
386940,-34.498737,-58.484123,0.0,97.0,0.0,0,0.0,-2.0,0,0.0,0,N,0.0,0,3
387940,-34.498753,-58.48411,0.0,96.0,0.0,0,0.0,-2.0,0,0.0,0,N,0.0,0,3
388940,-34.498768,-58.484097,0.0,96.0,0.0,0,0.0,-2.0,0,0.0,0,N,0.0,0,3
389940,-34.498775,-58.484085,0.0,96.0,0.0,0,0.0,-2.0,0,0.0,0,N,0.0,0,3
390940,-34.498783,-58.48408,0.0,96.0,0.0,0,0.0,-2.0,0,0.0,0,N,0.0,0,3
391940,-34.49879,-58.484074,0.0,96.0,0.0,0,0.0,-2.0,0,0.0,0,N,0.0,0,3
392940,-34.49879,-58.48407,0.0,96.0,0.0,0,0.0,-2.0,0,0.0,0,N,0.0,0,3
393940,-34.49879,-58.484062,0.0,96.0,0.0,0,0.0,-2.0,0,0.0,0,N,0.0,0,3
394940,-34.49879,-58.48406,0.0,96.0,0.0,0,0.0,-2.0,0,0.0,0,N,0.0,0,3
395940,-34.498787,-58.484055,0.0,96.0,0.0,0,0.0,-2.0,0,0.0,0,N,0.0,0,3
396940,-34.498783,-58.484047,0.0,96.0,0.0,0,0.0,-2.0,0,0.0,0,N,0.0,0,3
397940,-34.498768,-58.484035,0.0,96.0,0.0,0,0.0,-2.0,0,0.0,0,N,0.0,0,3
398940,-34.49876,-58.484028,0.0,96.0,0.0,0,0.0,-2.0,0,0.0,0,N,0.0,0,3
399940,-34.49875,-58.48402,0.0,96.0,0.0,0,0.0,-2.0,0,0.0,0,N,0.0,0,3
400940,-34.49875,-58.48402,0.0,96.0,0.0,0,0.0,-2.0,0,0.0,0,N,0.0,0,3
401940,-34.49875,-58.48402,0.0,97.0,0.0,0,0.0,-2.0,0,0.0,0,N,0.0,0,3
402940,-34.49873,-58.484005,0.0,97.0,0.0,0,0.0,-2.0,0,0.0,0,N,0.0,0,3
403940,-34.49873,-58.484005,0.0,97.0,0.0,0,0.0,-2.0,0,0.0,0,N,0.0,0,3
404940,-34.49873,-58.484005,0.0,97.0,0.0,0,0.0,-2.0,0,0.0,0,N,0.0,0,3
405940,-34.49873,-58.484005,0.0,97.0,0.0,0,0.0,-2.0,0,0.0,0,N,0.0,0,3
406940,-34.49873,-58.484005,0.0,97.0,0.0,0,0.0,-2.0,0,0.0,0,N,0.0,0,3
407940,-34.498547,-58.484234,0.0,97.0,0.0,0,0.0,-2.0,0,0.0,0,N,0.0,0,3
408940,-34.498547,-58.484234,0.0,97.0,0.0,0,0.0,-2.0,0,0.0,0,N,0.0,0,3
409940,-34.498547,-58.484234,0.0,97.0,0.0,0,0.0,-2.0,0,0.0,0,N,0.0,0,3
410940,-34.498547,-58.484234,0.0,97.0,0.0,0,0.0,-2.0,0,0.0,0,N,0.0,0,3
411940,-34.498547,-58.484234,0.0,97.0,0.0,0,0.0,-2.0,0,0.0,0,N,0.0,0,3
412940,-34.498547,-58.484234,0.0,97.0,0.0,0,0.0,-2.0,0,0.0,0,N,0.0,0,3
413940,-34.49849,-58.484264,0.0,98.0,0.0,0,0.0,-2.0,0,0.0,0,N,0.0,0,3
414940,-34.49849,-58.484264,0.0,98.0,0.0,0,0.0,-2.0,0,0.0,0,N,0.0,0,3
415940,-34.49849,-58.484264,0.0,98.0,0.0,0,0.0,-2.0,0,0.0,0,N,0.0,0,3
416940,-34.49849,-58.484264,0.0,98.0,0.0,0,0.0,-2.0,0,0.0,0,N,0.0,0,3
417940,-34.49849,-58.484264,0.0,98.0,0.0,0,0.0,-2.0,0,0.0,0,N,0.0,0,3
418940,-34.49852,-58.48434,0.0,98.0,0.0,0,0.0,-2.0,0,0.0,0,N,0.0,0,2
419940,-34.49852,-58.48434,0.0,98.0,0.0,0,0.0,-2.0,0,0.0,0,N,0.0,0,2
420940,-34.49852,-58.48434,0.0,98.0,0.0,0,0.0,-2.0,0,0.0,0,N,0.0,0,2
421940,-34.49852,-58.48434,0.0,98.0,0.0,0,0.0,-2.0,0,0.0,0,N,0.0,0,2
422940,-34.49852,-58.48434,0.0,98.0,0.0,0,0.0,-2.0,0,0.0,0,N,0.0,0,2
423940,-34.49847,-58.48432,0.0,98.0,0.0,0,0.0,-2.0,0,0.0,0,N,0.0,0,2
424940,-34.49847,-58.48432,0.0,98.0,0.0,0,0.0,-2.0,0,0.0,0,N,0.0,0,2
425940,-34.498444,-58.48429,0.0,98.0,0.0,0,0.0,-2.0,0,0.0,0,N,0.0,0,2
426940,-34.498306,-58.48403,0.0,98.0,0.0,0,0.0,-2.0,0,0.0,0,N,0.0,0,2
427940,-34.49818,-58.483986,0.0,98.0,0.0,0,0.0,-2.0,0,0.0,0,N,0.0,0,2
428940,-34.498158,-58.483955,0.0,98.0,0.0,0,0.0,-2.0,0,0.0,0,N,0.0,0,2
429940,-34.49826,-58.483963,0.0,98.0,0.0,0,0.0,-2.0,0,0.0,0,N,0.0,0,2
430940,-34.498257,-58.483963,0.0,98.0,0.0,0,0.0,-2.0,0,0.0,0,N,0.0,0,2
431940,-34.498257,-58.484,0.0,98.0,0.0,0,0.0,-2.0,0,0.0,0,N,0.0,0,2
432940,-34.498253,-58.484005,0.0,99.0,0.0,0,0.0,-2.0,0,0.0,0,N,0.0,0,1
433940,-34.498253,-58.484005,0.0,99.0,0.0,0,0.0,-2.0,0,0.0,0,N,0.0,0,1
434940,-34.498253,-58.484005,0.0,99.0,0.0,0,0.0,-2.0,0,0.0,0,N,0.0,0,1
435940,-34.498257,-58.48401,0.0,99.0,0.0,0,0.0,-2.0,0,0.0,0,N,0.0,0,1
436940,-34.498257,-58.48401,0.0,99.0,0.0,0,0.0,-2.0,0,0.0,0,N,0.0,0,1
437940,-34.49824,-58.48405,0.0,99.0,0.0,0,0.0,-2.0,0,0.0,0,N,0.0,0,1
438940,-34.49824,-58.484055,0.0,99.0,0.0,0,0.0,-2.0,0,0.0,0,N,0.0,0,1
439940,-34.49824,-58.484066,0.0,99.0,0.0,0,0.0,-2.0,0,0.0,0,N,0.0,0,1
440940,-34.49824,-58.48407,0.0,99.0,0.0,0,0.0,-2.0,0,0.0,0,N,0.0,0,1
441940,-34.49824,-58.48407,0.0,99.0,0.0,0,0.0,-2.0,0,0.0,0,N,0.0,0,1
442940,-34.49824,-58.484074,0.0,99.0,0.0,0,0.0,-2.0,0,0.0,0,N,0.0,0,1
443940,-34.49824,-58.484074,0.0,99.0,0.0,0,0.0,-2.0,0,0.0,0,N,0.0,0,1
444940,-34.49824,-58.484074,0.0,99.0,0.0,0,0.0,-2.0,0,0.0,0,N,0.0,0,1
445940,-34.49824,-58.484074,0.0,99.0,0.0,0,0.0,-2.0,0,0.0,0,N,0.0,0,0
446940,-34.49824,-58.484074,0.0,99.0,0.0,0,0.0,-2.0,0,0.0,0,N,0.0,0,0
447940,-34.49824,-58.484074,0.0,99.0,0.0,0,0.0,-2.0,0,0.0,0,N,0.0,0,0
448940,-34.49824,-58.484074,0.0,99.0,0.0,0,0.0,-2.0,0,0.0,0,N,0.0,0,0
449940,-34.49824,-58.484074,0.0,99.0,0.0,0,0.0,-2.0,0,0.0,0,N,0.0,0,0
450940,-34.49824,-58.484074,0.0,99.0,0.0,0,0.0,-2.0,0,0.0,0,N,0.0,0,0
451940,-34.49824,-58.484074,0.0,99.0,0.0,0,0.0,-2.0,0,0.0,0,N,0.0,0,0
452940,-34.49824,-58.484074,0.0,99.0,0.0,0,0.0,-2.0,0,0.0,0,N,0.0,0,0
453940,-34.49824,-58.484074,0.0,99.0,0.0,0,0.0,-2.0,0,0.0,0,N,0.0,0,0
454940,-34.49824,-58.484074,0.0,99.0,0.0,0,0.0,-2.0,0,0.0,0,N,0.0,0,0
455940,-34.49824,-58.484074,0.0,99.0,0.0,0,0.0,-2.0,0,0.0,0,N,0.0,0,0
456940,-34.49824,-58.484074,0.0,99.0,0.0,0,0.0,-2.0,0,0.0,0,N,0.0,0,0
457940,-34.49824,-58.484074,0.0,99.0,0.0,0,0.0,-2.0,0,0.0,0,N,0.0,0,0
458940,-34.49824,-58.484074,0.0,99.0,0.0,0,0.0,-2.0,0,0.0,0,N,0.0,0,0
459940,-34.49824,-58.484074,0.0,99.0,0.0,0,0.0,-2.0,0,0.0,0,N,0.0,0,0
460940,-34.498245,-58.484074,0.0,99.0,0.0,0,0.0,-2.0,0,0.0,0,N,0.0,0,0
461940,-34.49825,-58.484077,0.0,99.0,0.0,0,0.0,-2.0,0,0.0,0,N,0.0,0,0
462940,-34.49825,-58.484085,0.0,99.0,0.0,0,0.0,-2.0,0,0.0,0,N,0.0,0,0
463940,-34.49824,-58.48413,0.0,99.0,0.0,0,0.0,-2.0,0,0.0,0,N,0.0,0,0
464940,-34.49824,-58.484142,0.0,99.0,0.0,0,0.0,-2.0,0,0.0,0,N,0.0,0,0
465940,-34.498238,-58.484146,0.0,99.0,0.0,0,0.0,-2.0,0,0.0,0,N,0.0,0,0
466940,-34.498238,-58.48415,0.0,99.0,0.0,0,0.0,-2.0,0,0.0,0,N,0.0,0,0
467940,-34.498238,-58.48415,0.0,99.0,0.0,0,0.0,-2.0,0,0.0,0,N,0.0,0,0
468940,-34.498238,-58.48415,0.0,99.0,0.0,0,0.0,-2.0,0,0.0,0,N,0.0,0,0
469940,-34.498238,-58.48415,0.0,99.0,0.0,0,0.0,-2.0,0,0.0,0,N,0.0,0,0
